<?xml version="1.0" encoding="UTF-8"?>
<!DOCTYPE suite SYSTEM "http://testng.org/testng-1.0.dtd">
<suite name="All Test Suite">
    <test verbose="2" preserve-order="true" name="C:/Users/nuwan/IdeaProjects/annotation_mit">
        <classes>
            <class name="data_provider.DataProviderEx">
                <methods>
                    <include name="validateUser"/>
                </methods>
            </class>
            <class name="testng_annotations.TestngEx">
                <methods>
                    <include name="one"/>
                    <include name="two"/>
                    <include name="three"/>
                    <include name="four"/>
                </methods>
            </class>
        </classes>
    </test>
</suite>